"";"";"";"";"accept";""
"1";"accept";"-0.0397476650509621";"0.870940494534596";"0.963125071737384";"121"
"2";"american";"-0.227614058048748";"0.862938829939929";"0.899996174006198";"145"
"3";"gather";"-0.212030369779238";"1.05079609410565";"0.896264554718088";"148"
"4";"altitude";"-0.183546855770478";"0.798989461774752";"0.888127941232735";"152"
"5";"track";"-0.105704176760486";"0.770214644172629";"0.8734820369591";"159"
"6";"live";"-0.105704176760486";"0.770214644172629";"0.8734820369591";"163"
"7";"world";"-0.243037578846142";"0.885321108797741";"0.870900766474092";"164"
"8";"false";"-0.150496454061776";"0.75102743565087";"0.861838262488681";"170"
"9";"similar";"-0.0372838565661403";"0.727050419375939";"0.861838262488681";"172"
"10";"buy";"-0.150496454061776";"0.75102743565087";"0.861838262488681";"173"
"11";"claim";"-0.268636668527056";"1.06278460224312";"0.859874252337045";"175"
"12";"drift";"-0.266172860042234";"0.918894527084459";"0.859874252337045";"176"
"13";"develop";"-0.266172860042234";"0.918894527084459";"0.859874252337045";"177"
"14";"capable";"-0.266172860042234";"0.918894527084459";"0.859874252337045";"184"
"15";"assessment";"-0.268636668527056";"1.06278460224312";"0.859874252337045";"185"
"16";"spread";"-0.268636668527056";"1.06278460224312";"0.859874252337045";"188"
"17";"shelf";"-0.268636668527056";"1.06278460224312";"0.859874252337045";"189"
"18";"past";"-0.266172860042234";"0.918894527084459";"0.859874252337045";"191"
"19";"day";"-0.266172860042234";"0.918894527084459";"0.859874252337045";"193"
"20";"surveillance";"-0.189876525550203";"0.854946491181619";"0.834454349517287";"197"
"21";"intercept";"-0.123425208930278";"0.816978219161466";"0.823848694698448";"201"
"22";"happen";"-0.123425208930278";"0.816978219161466";"0.823848694698448";"203"
"23";"nation";"-0.210182513415621";"0.942878537736657";"0.822530002168063";"207"
"24";"debris";"-0.210182513415621";"0.942878537736657";"0.822530002168063";"209"
"25";"send";"-0.152960262546598";"0.894917510809527";"0.812906352425042";"221"
"26";"gonna";"-0.152960262546598";"0.894917510809527";"0.812906352425042";"222"
"27";"speed";"-0.152960262546598";"0.894917510809527";"0.812906352425042";"225"
