"";"";"";"";"have";""
"1";"have";"-0.130862217119098";"0.141161185766226";"0.820936854011467";"192"
"2";"come";"-0.579919250766601";"0.156269810623683";"0.814458442216935";"200"
"3";"very";"-0.0862403036788756";"0.301639832635837";"0.801544522017239";"207"
"4";"mean";"-0.193527731648642";"-0.0132518424563148";"0.8";"208"
"5";"also";"-0.0426033727753081";"-0.108312074669444";"0.8";"209"
