"";"";"";"";"*id_t1_j746a6c";""
"1";"*id_t1_j746a6c";"-0.212030369779239";"1.05079609410565";"0.975296152183312";"42"
"2";"*id_t1_j7biwhi";"-0.210182513415623";"0.942878537736659";"0.90338953739732";"50"
"3";"*id_t1_j734wpx";"-0.152960262546598";"0.894917510809528";"0.870765239948119";"51"
"4";"*id_t1_j721rcy";"-0.208334657052007";"0.834960981367665";"0.853549502810203";"53"
"5";"*id_t1_j73qhk4";"-0.208334657052007";"0.834960981367665";"0.853549502810203";"54"
